{
	"Aria_Putra_Andika":
	{"0":-0.05261750519275665,"1":0.07333344221115112,"2":-0.0351896807551384,"3":-0.059383902698755264,"4":-0.09142901748418808,"5":-0.04646431654691696,"6":-0.09935075044631958,"7":-0.10491953045129776,"8":0.13713504374027252,"9":-0.09021322429180145,"10":0.1483324021100998,"11":-0.02012917399406433,"12":-0.1822822391986847,"13":-0.05064375326037407,"14":-0.05443338677287102,"15":0.15483234822750092,"16":-0.246434286236763,"17":-0.19893525540828705,"18":0.008271411061286926,"19":-0.03675346076488495,"20":0.08416005969047546,"21":0.020704587921500206,"22":-0.061672650277614594,"23":0.054304927587509155,"24":-0.16041280329227448,"25":-0.27047717571258545,"26":-0.07673420011997223,"27":-0.11933500319719315,"28":-0.0006862189620733261,"29":-0.11500892788171768,"30":-0.012395747937262058,"31":0.030712954699993134,"32":-0.2313138246536255,"33":-0.06687921285629272,"34":0.07712870091199875,"35":0.039257265627384186,"36":-0.00770957488566637,"37":-0.04146003723144531,"38":0.17926417291164398,"39":0.010309500619769096,"40":-0.17613545060157776,"41":0.01713106594979763,"42":0.11224879324436188,"43":0.2666085362434387,"44":0.17089231312274933,"45":0.08348333835601807,"46":-0.03126541152596474,"47":-0.14299017190933228,"48":0.08673837780952454,"49":-0.1656225621700287,"50":0.03300809487700462,"51":0.15987683832645416,"52":0.04449804872274399,"53":0.10489784926176071,"54":-0.005668754689395428,"55":-0.16977615654468536,"56":0.09336382895708084,"57":0.10004871338605881,"58":-0.15981723368167877,"59":0.051340218633413315,"60":0.08151531964540482,"61":-0.058934666216373444,"62":0.0410340279340744,"63":0.00048057560343295336,"64":0.27579838037490845,"65":-0.046815674751996994,"66":-0.0793641060590744,"67":-0.10896427929401398,"68":0.11961542069911957,"69":-0.1418008953332901,"70":-0.11351334303617477,"71":0.018487196415662766,"72":-0.10146207362413406,"73":-0.20929814875125885,"74":-0.2999937832355499,"75":0.002954695373773575,"76":0.3961232006549835,"77":0.16897031664848328,"78":-0.19570165872573853,"79":0.11910520493984222,"80":-0.01197848655283451,"81":-0.057543739676475525,"82":0.17564503848552704,"83":0.11036265641450882,"84":-0.04503345489501953,"85":0.021320249885320663,"86":-0.07365269213914871,"87":0.034466661512851715,"88":0.27804937958717346,"89":0.024210290983319283,"90":-0.0026605967432260513,"91":0.18612319231033325,"92":-0.006551235914230347,"93":0.03451455757021904,"94":0.06779836118221283,"95":-0.015212818048894405,"96":-0.0800233855843544,"97":0.0003802790306508541,"98":-0.1741255670785904,"99":-0.07111995667219162,"100":-0.011916227638721466,"101":0.007580255623906851,"102":-0.014233499765396118,"103":0.2048090398311615,"104":-0.14711064100265503,"105":0.08340057730674744,"106":0.03082839399576187,"107":-0.0652962252497673,"108":-0.08492986112833023,"109":0.04639818146824837,"110":-0.09985467046499252,"111":-0.0977097898721695,"112":0.10914802551269531,"113":-0.19731463491916656,"114":0.20217397809028625,"115":0.1830679178237915,"116":0.11929415911436081,"117":0.1256382018327713,"118":0.09453792124986649,"119":0.033883675932884216,"120":-0.022818082943558693,"121":-0.035009950399398804,"122":-0.2191893458366394,"123":-0.0075307260267436504,"124":0.12005548924207687,"125":-0.02445834130048752,"126":0.15646372735500336,"127":0.00023624859750270844},
	"Ivan_Putra_Pratama":
	{"0":-0.05865050107240677,"1":0.055106885731220245,"2":-0.00916578620672226,"3":-0.02322711981832981,"4":-0.07442910969257355,"5":-0.0259304977953434,"6":-0.09431657195091248,"7":-0.10098765790462494,"8":0.10155415534973145,"9":-0.08490890264511108,"10":0.23316435515880585,"11":-0.07841281592845917,"12":-0.22494560480117798,"13":-0.12265023589134216,"14":-0.06431505084037781,"15":0.13997326791286469,"16":-0.1430661678314209,"17":-0.09768161177635193,"18":-0.017271682620048523,"19":-0.014177506789565086,"20":0.09759095311164856,"21":0.024560589343309402,"22":0.06299705058336258,"23":0.03711038827896118,"24":-0.08343756198883057,"25":-0.31694990396499634,"26":-0.09982553124427795,"27":-0.11794392019510269,"28":0.02595406584441662,"29":-0.08760783076286316,"30":-0.08579204976558685,"31":0.034699708223342896,"32":-0.20826822519302368,"33":-0.0832926407456398,"34":0.024655696004629135,"35":0.07485660165548325,"36":-0.008976396173238754,"37":-0.07675708085298538,"38":0.18183939158916473,"39":-0.02614055573940277,"40":-0.19556057453155518,"41":0.006575495935976505,"42":0.01379559189081192,"43":0.2351769655942917,"44":0.14269424974918365,"45":0.05617915466427803,"46":0.01802755333483219,"47":-0.16149508953094482,"48":0.12009604275226593,"49":-0.1148705706000328,"50":0.07016976177692413,"51":0.13641919195652008,"52":0.10317478328943253,"53":0.045634932816028595,"54":-0.02265309914946556,"55":-0.13956117630004883,"56":0.024850625544786453,"57":0.05415630340576172,"58":-0.10566847026348114,"59":-0.029411980882287025,"60":0.04691792279481888,"61":-0.016274377703666687,"62":-0.00427872221916914,"63":-0.12464351207017899,"64":0.24709360301494598,"65":0.022411061450839043,"66":-0.1008094772696495,"67":-0.19420365989208221,"68":0.14002199470996857,"69":-0.13420477509498596,"70":-0.07772348076105118,"71":0.1051577776670456,"72":-0.15863940119743347,"73":-0.1673605740070343,"74":-0.31576746702194214,"75":0.029609302058815956,"76":0.3518419563770294,"77":0.07053922116756439,"78":-0.18866902589797974,"79":0.06831181049346924,"80":-0.0679907351732254,"81":-0.03430480882525444,"82":0.0914963111281395,"83":0.15522843599319458,"84":0.0027983132749795914,"85":0.09446269273757935,"86":-0.08154703676700592,"87":-0.008749217726290226,"88":0.2472081333398819,"89":-0.1282208412885666,"90":-0.07202428579330444,"91":0.1708284467458725,"92":-0.00847505684942007,"93":0.09876344352960587,"94":0.06589867919683456,"95":0.019746150821447372,"96":-0.05142383649945259,"97":0.04358315467834473,"98":-0.1337622106075287,"99":0.0318865105509758,"100":0.04255622625350952,"101":-0.0504269003868103,"102":-0.04486178234219551,"103":0.11572915315628052,"104":-0.12526977062225342,"105":0.09939663857221603,"106":0.0053773000836372375,"107":-0.01365612167865038,"108":-0.002032679505646229,"109":-0.03649275377392769,"110":-0.13959185779094696,"111":-0.09086857736110687,"112":0.14098034799098969,"113":-0.24911756813526154,"114":0.20395055413246155,"115":0.13947497308254242,"116":0.12787993252277374,"117":0.13761386275291443,"118":0.1214333102107048,"119":0.11601545661687851,"120":-0.016856729984283447,"121":-0.010556441731750965,"122":-0.2298986315727234,"123":-0.043427251279354095,"124":0.13758791983127594,"125":0.0004443651996552944,"126":0.06493864953517914,"127":0.0017470614984631538},
	"Ricky_Primayuda_Putra":
	{"0":-0.16700014472007751,"1":0.05879881978034973,"2":0.09865686297416687,"3":-0.014154626987874508,"4":-0.024814164265990257,"5":-0.11215996742248535,"6":-0.07450570166110992,"7":-0.09624612331390381,"8":0.11011327803134918,"9":-0.053335774689912796,"10":0.23925292491912842,"11":-0.07768181711435318,"12":-0.1743461638689041,"13":-0.12768884003162384,"14":-0.07434531301259995,"15":0.1581248939037323,"16":-0.17948946356773376,"17":-0.12986546754837036,"18":-0.04538946598768234,"19":-0.027545146644115448,"20":0.011789846234023571,"21":-0.04650616645812988,"22":0.051225848495960236,"23":0.022932268679142,"24":-0.09547830373048782,"25":-0.3504829704761505,"26":-0.07768930494785309,"27":-0.03947506844997406,"28":-0.0002961819991469383,"29":0.005502684973180294,"30":-0.09873344749212265,"31":0.051466189324855804,"32":-0.25671908259391785,"33":-0.06830371916294098,"34":-0.006436695344746113,"35":0.143324077129364,"36":-0.0028266559820622206,"37":-0.027769282460212708,"38":0.14407950639724731,"39":-0.014476591721177101,"40":-0.16931302845478058,"41":-0.02815277874469757,"42":0.03123001754283905,"43":0.22720517218112946,"44":0.153472900390625,"45":0.11066307127475739,"46":-0.00874749943614006,"47":-0.02177373133599758,"48":0.02096996270120144,"49":-0.20945855975151062,"50":0.04421639442443848,