{"0":-0.05261750519275665,"1":0.07333344221115112,"2":-0.0351896807551384,"3":-0.059383902698755264,"4":-0.09142901748418808,"5":-0.04646431654691696,"6":-0.09935075044631958,"7":-0.10491953045129776,"8":0.13713504374027252,"9":-0.09021322429180145,"10":0.1483324021100998,"11":-0.02012917399406433,"12":-0.1822822391986847,"13":-0.05064375326037407,"14":-0.05443338677287102,"15":0.15483234822750092,"16":-0.246434286236763,"17":-0.19893525540828705,"18":0.008271411061286926,"19":-0.03675346076488495,"20":0.08416005969047546,"21":0.020704587921500206,"22":-0.061672650277614594,"23":0.054304927587509155,"24":-0.16041280329227448,"25":-0.27047717571258545,"26":-0.07673420011997223,"27":-0.11933500319719315,"28":-0.0006862189620733261,"29":-0.11500892788171768,"30":-0.012395747937262058,"31":0.030712954699993134,"32":-0.2313138246536255,"33":-0.06687921285629272,"34":0.07712870091199875,"35":0.039257265627384186,"36":-0.00770957488566637,"37":-0.04146003723144531,"38":0.17926417291164398,"39":0.010309500619769096,"40":-0.17613545060157776,"41":0.01713106594979763,"42":0.11224879324436188,"43":0.2666085362434387,"44":0.17089231312274933,"45":0.08348333835601807,"46":-0.03126541152596474,"47":-0.14299017190933228,"48":0.08673837780952454,"49":-0.1656225621700287,"50":0.03300809487700462,"51":0.15987683832645416,"52":0.04449804872274399,"53":0.10489784926176071,"54":-0.005668754689395428,"55":-0.16977615654468536,"56":0.09336382895708084,"57":0.10004871338605881,"58":-0.15981723368167877,"59":0.051340218633413315,"60":0.08151531964540482,"61":-0.058934666216373444,"62":0.0410340279340744,"63":0.00048057560343295336,"64":0.27579838037490845,"65":-0.046815674751996994,"66":-0.0793641060590744,"67":-0.10896427929401398,"68":0.11961542069911957,"69":-0.1418008953332901,"70":-0.11351334303617477,"71":0.018487196415662766,"72":-0.10146207362413406,"73":-0.20929814875125885,"74":-0.2999937832355499,"75":0.002954695373773575,"76":0.3961232006549835,"77":0.16897031664848328,"78":-0.19570165872573853,"79":0.11910520493984222,"80":-0.01197848655283451,"81":-0.057543739676475525,"82":0.17564503848552704,"83":0.11036265641450882,"84":-0.04503345489501953,"85":0.021320249885320663,"86":-0.07365269213914871,"87":0.034466661512851715,"88":0.27804937958717346,"89":0.024210290983319283,"90":-0.0026605967432260513,"91":0.18612319231033325,"92":-0.006551235914230347,"93":0.03451455757021904,"94":0.06779836118221283,"95":-0.015212818048894405,"96":-0.0800233855843544,"97":0.0003802790306508541,"98":-0.1741255670785904,"99":-0.07111995667219162,"100":-0.011916227638721466,"101":0.007580255623906851,"102":-0.014233499765396118,"103":0.2048090398311615,"104":-0.14711064100265503,"105":0.08340057730674744,"106":0.03082839399576187,"107":-0.0652962252497673,"108":-0.08492986112833023,"109":0.04639818146824837,"110":-0.09985467046499252,"111":-0.0977097898721695,"112":0.10914802551269531,"113":-0.19731463491916656,"114":0.20217397809028625,"115":0.1830679178237915,"116":0.11929415911436081,"117":0.1256382018327713,"118":0.09453792124986649,"119":0.033883675932884216,"120":-0.022818082943558693,"121":-0.035009950399398804,"122":-0.2191893458366394,"123":-0.0075307260267436504,"124":0.12005548924207687,"125":-0.02445834130048752,"126":0.15646372735500336,"127":0.00023624859750270844}