{"0":-0.05865050107240677,"1":0.055106885731220245,"2":-0.00916578620672226,"3":-0.02322711981832981,"4":-0.07442910969257355,"5":-0.0259304977953434,"6":-0.09431657195091248,"7":-0.10098765790462494,"8":0.10155415534973145,"9":-0.08490890264511108,"10":0.23316435515880585,"11":-0.07841281592845917,"12":-0.22494560480117798,"13":-0.12265023589134216,"14":-0.06431505084037781,"15":0.13997326791286469,"16":-0.1430661678314209,"17":-0.09768161177635193,"18":-0.017271682620048523,"19":-0.014177506789565086,"20":0.09759095311164856,"21":0.024560589343309402,"22":0.06299705058336258,"23":0.03711038827896118,"24":-0.08343756198883057,"25":-0.31694990396499634,"26":-0.09982553124427795,"27":-0.11794392019510269,"28":0.02595406584441662,"29":-0.08760783076286316,"30":-0.08579204976558685,"31":0.034699708223342896,"32":-0.20826822519302368,"33":-0.0832926407456398,"34":0.024655696004629135,"35":0.07485660165548325,"36":-0.008976396173238754,"37":-0.07675708085298538,"38":0.18183939158916473,"39":-0.02614055573940277,"40":-0.19556057453155518,"41":0.006575495935976505,"42":0.01379559189081192,"43":0.2351769655942917,"44":0.14269424974918365,"45":0.05617915466427803,"46":0.01802755333483219,"47":-0.16149508953094482,"48":0.12009604275226593,"49":-0.1148705706000328,"50":0.07016976177692413,"51":0.13641919195652008,"52":0.10317478328943253,"53":0.045634932816028595,"54":-0.02265309914946556,"55":-0.13956117630004883,"56":0.024850625544786453,"57":0.05415630340576172,"58":-0.10566847026348114,"59":-0.029411980882287025,"60":0.04691792279481888,"61":-0.016274377703666687,"62":-0.00427872221916914,"63":-0.12464351207017899,"64":0.24709360301494598,"65":0.022411061450839043,"66":-0.1008094772696495,"67":-0.19420365989208221,"68":0.14002199470996857,"69":-0.13420477509498596,"70":-0.07772348076105118,"71":0.1051577776670456,"72":-0.15863940119743347,"73":-0.1673605740070343,"74":-0.31576746702194214,"75":0.029609302058815956,"76":0.3518419563770294,"77":0.07053922116756439,"78":-0.18866902589797974,"79":0.06831181049346924,"80":-0.0679907351732254,"81":-0.03430480882525444,"82":0.0914963111281395,"83":0.15522843599319458,"84":0.0027983132749795914,"85":0.09446269273757935,"86":-0.08154703676700592,"87":-0.008749217726290226,"88":0.2472081333398819,"89":-0.1282208412885666,"90":-0.07202428579330444,"91":0.1708284467458725,"92":-0.00847505684942007,"93":0.09876344352960587,"94":0.06589867919683456,"95":0.019746150821447372,"96":-0.05142383649945259,"97":0.04358315467834473,"98":-0.1337622106075287,"99":0.0318865105509758,"100":0.04255622625350952,"101":-0.0504269003868103,"102":-0.04486178234219551,"103":0.11572915315628052,"104":-0.12526977062225342,"105":0.09939663857221603,"106":0.0053773000836372375,"107":-0.01365612167865038,"108":-0.002032679505646229,"109":-0.03649275377392769,"110":-0.13959185779094696,"111":-0.09086857736110687,"112":0.14098034799098969,"113":-0.24911756813526154,"114":0.20395055413246155,"115":0.13947497308254242,"116":0.12787993252277374,"117":0.13761386275291443,"118":0.1214333102107048,"119":0.11601545661687851,"120":-0.016856729984283447,"121":-0.010556441731750965,"122":-0.2298986315727234,"123":-0.043427251279354095,"124":0.13758791983127594,"125":0.0004443651996552944,"126":0.06493864953517914,"127":0.0017470614984631538}