{"0":-0.16700014472007751,"1":0.05879881978034973,"2":0.09865686297416687,"3":-0.014154626987874508,"4":-0.024814164265990257,"5":-0.11215996742248535,"6":-0.07450570166110992,"7":-0.09624612331390381,"8":0.11011327803134918,"9":-0.053335774689912796,"10":0.23925292491912842,"11":-0.07768181711435318,"12":-0.1743461638689041,"13":-0.12768884003162384,"14":-0.07434531301259995,"15":0.1581248939037323,"16":-0.17948946356773376,"17":-0.12986546754837036,"18":-0.04538946598768234,"19":-0.027545146644115448,"20":0.011789846234023571,"21":-0.04650616645812988,"22":0.051225848495960236,"23":0.022932268679142,"24":-0.09547830373048782,"25":-0.3504829704761505,"26":-0.07768930494785309,"27":-0.03947506844997406,"28":-0.0002961819991469383,"29":0.005502684973180294,"30":-0.09873344749212265,"31":0.051466189324855804,"32":-0.25671908259391785,"33":-0.06830371916294098,"34":-0.006436695344746113,"35":0.143324077129364,"36":-0.0028266559820622206,"37":-0.027769282460212708,"38":0.14407950639724731,"39":-0.014476591721177101,"40":-0.16931302845478058,"41":-0.02815277874469757,"42":0.03123001754283905,"43":0.22720517218112946,"44":0.153472900390625,"45":0.11066307127475739,"46":-0.00874749943614006,"47":-0.02177373133599758,"48":0.02096996270120144,"49":-0.20945855975151062,"50":0.04421639442443848,"51":0.1267707496881485,"52":0.07883047312498093,"53":0.029412513598799706,"54":0.046435434371232986,"55":-0.14856664836406708,"56":0.038361430168151855,"57":0.07731776684522629,"58":-0.11336369812488556,"59":-0.0014713720884174109,"60":-0.024707496166229248,"61":-0.08971899002790451,"62":-0.020544664934277534,"63":-0.040034208446741104,"64":0.27450135350227356,"65":0.1455536037683487,"66":-0.09891048818826675,"67":-0.1363927572965622,"68":0.14374344050884247,"69":-0.11406578868627548,"70":-0.04457574337720871,"71":0.05177789926528931,"72":-0.050745878368616104,"73":-0.16462299227714539,"74":-0.3615519106388092,"75":0.0713765099644661,"76":0.3479700982570648,"77":0.06406211853027344,"78":-0.2011280357837677,"79":0.04238874465227127,"80":0.008673608303070068,"81":-0.04631221294403076,"82":0.11583622545003891,"83":0.12244738638401031,"84":-0.11204378306865692,"85":0.10637843608856201,"86":-0.16663327813148499,"87":-0.033715181052684784,"88":0.1765054315328598,"89":-0.011186357587575912,"90":-0.057651765644550323,"91":0.17622096836566925,"92":-0.042381737381219864,"93":0.06164645776152611,"94":0.03729792311787605,"95":0.04477757588028908,"96":-0.03637060523033142,"97":0.06679953634738922,"98":-0.13160106539726257,"99":0.027630502358078957,"100":0.1795414239168167,"101":-0.028912242501974106,"102":-0.05761540308594704,"103":0.09786040335893631,"104":-0.11120101809501648,"105":-0.014031356200575829,"106":-0.03166232630610466,"107":-0.030036674812436104,"108":-0.02409997582435608,"109":-0.026020033285021782,"110":-0.10498639941215515,"111":-0.07963857054710388,"112":0.07124057412147522,"113":-0.27074921131134033,"114":0.19709356129169464,"115":0.2046179473400116,"116":0.0019294265657663345,"117":0.1489921510219574,"118":0.12919633090496063,"119":0.026498008519411087,"120":0.04112471640110016,"121":0.004985406994819641,"122":-0.12360358983278275,"123":-0.07578735053539276,"124":0.08430973440408707,"125":-0.036139845848083496,"126":0.0767739936709404,"127":0.06571172922849655}